[
    {"model": "products.category", "pk": 1, "fields": {"name": "Dairy", "slug": "dairy", "description": "Milk, cheese, yogurt, and other dairy products."}},
    {"model": "products.category", "pk": 2, "fields": {"name": "Electronics", "slug": "electronics", "description": "Consumer electronics, gadgets, and accessories."}},
    {"model": "products.category", "pk": 3, "fields": {"name": "Produce", "slug": "produce", "description": "Fresh fruits and vegetables."}},
    {"model": "products.category", "pk": 4, "fields": {"name": "Bakery", "slug": "bakery", "description": "Freshly baked bread, pastries, and desserts."}},
    {"model": "products.category", "pk": 5, "fields": {"name": "Beverages", "slug": "beverages", "description": "Coffee, tea, juice, and other drinks."}},
    {"model": "products.category", "pk": 6, "fields": {"name": "Meat & Seafood", "slug": "meat-seafood", "description": "Fresh and frozen meats, poultry, and seafood."}},
    {"model": "products.category", "pk": 7, "fields": {"name": "Snacks", "slug": "snacks", "description": "Chips, crackers, nuts, and other snack foods."}},

    {"model": "products.tag", "pk": 1, "fields": {"name": "Organic", "slug": "organic"}},
    {"model": "products.tag", "pk": 2, "fields": {"name": "Gluten-Free", "slug": "gluten-free"}},
    {"model": "products.tag", "pk": 3, "fields": {"name": "On Sale", "slug": "on-sale"}},
    {"model": "products.tag", "pk": 4, "fields": {"name": "Bestseller", "slug": "bestseller"}},
    {"model": "products.tag", "pk": 5, "fields": {"name": "Made In Canada", "slug": "made-in-canada"}},
    {"model": "products.tag", "pk": 6, "fields": {"name": "Vegan", "slug": "vegan"}},
    {"model": "products.tag", "pk": 7, "fields": {"name": "Low Sugar", "slug": "low-sugar"}},
    {"model": "products.tag", "pk": 8, "fields": {"name": "High Protein", "slug": "high-protein"}},
    {"model": "products.tag", "pk": 9, "fields": {"name": "Eco-Friendly", "slug": "eco-friendly"}},
    {"model": "products.tag", "pk": 10, "fields": {"name": "Locally Sourced", "slug": "locally-sourced"}},
    {"model": "products.tag", "pk": 11, "fields": {"name": "New Arrival", "slug": "new-arrival"}},
    {"model": "products.tag", "pk": 12, "fields": {"name": "Limited Edition", "slug": "limited-edition"}},

    {"model": "products.product", "pk": 1, "fields": {"name": "Skim Milk (1 Gallon)", "slug": "skim-milk-1-gallon", "description": "Fat-free skim milk sourced from local BC dairy farms. Pasteurized and homogenized for a smooth, light taste.", "base_price": "4.59", "discount_percentage": "0.00", "category": 1, "tags": [1, 5, 10]}},
    {"model": "products.product", "pk": 2, "fields": {"name": "2% Milk (1 Gallon)", "slug": "2-milk-1-gallon", "description": "Partially skimmed 2% milk from local dairy farms. A balanced option with a creamy taste and reduced fat content.", "base_price": "4.59", "discount_percentage": "0.00", "category": 1, "tags": [5, 10]}},
    {"model": "products.product", "pk": 3, "fields": {"name": "Television", "slug": "television", "description": "55-inch 4K Ultra HD Smart LED TV with built-in streaming apps, HDR support, and Dolby Atmos sound.", "base_price": "999.00", "discount_percentage": "20.00", "category": 2, "tags": [3, 4]}},
    {"model": "products.product", "pk": 4, "fields": {"name": "Organic Bananas (1 lb)", "slug": "organic-bananas-1-lb", "description": "Fresh organic bananas, naturally ripened. A great source of potassium and perfect for smoothies or snacking.", "base_price": "1.29", "discount_percentage": "0.00", "category": 3, "tags": [1, 6, 9]}},
    {"model": "products.product", "pk": 5, "fields": {"name": "Sourdough Loaf", "slug": "sourdough-loaf", "description": "Artisan sourdough bread baked fresh daily with a crispy crust and tangy, chewy interior. Made with a 24-hour ferment.", "base_price": "6.49", "discount_percentage": "0.00", "category": 4, "tags": [5, 11]}},
    {"model": "products.product", "pk": 6, "fields": {"name": "Cold Brew Coffee (12 oz)", "slug": "cold-brew-coffee-12-oz", "description": "Smooth, slow-steeped cold brew coffee made from single-origin Colombian beans. Low acidity and naturally sweet.", "base_price": "5.99", "discount_percentage": "15.00", "category": 5, "tags": [3, 7, 9]}},
    {"model": "products.product", "pk": 7, "fields": {"name": "Atlantic Salmon Fillet", "slug": "atlantic-salmon-fillet", "description": "Fresh Atlantic salmon fillet, skin-on, rich in omega-3 fatty acids. Sustainably farmed in BC coastal waters.", "base_price": "14.99", "discount_percentage": "0.00", "category": 6, "tags": [5, 8, 10]}},
    {"model": "products.product", "pk": 8, "fields": {"name": "Sea Salt Kettle Chips", "slug": "sea-salt-kettle-chips", "description": "Crunchy kettle-cooked potato chips seasoned with Pacific sea salt. Small-batch fried for extra crunch.", "base_price": "3.99", "discount_percentage": "0.00", "category": 7, "tags": [2, 6]}},
    {"model": "products.product", "pk": 9, "fields": {"name": "Greek Yogurt (500g)", "slug": "greek-yogurt-500g", "description": "Thick and creamy plain Greek yogurt with high protein content. Strained for a rich, smooth texture.", "base_price": "5.49", "discount_percentage": "10.00", "category": 1, "tags": [2, 4, 8]}},
    {"model": "products.product", "pk": 10, "fields": {"name": "Wireless Bluetooth Earbuds", "slug": "wireless-bluetooth-earbuds", "description": "True wireless earbuds with active noise cancellation, 8-hour battery life, and IPX5 water resistance.", "base_price": "79.99", "discount_percentage": "25.00", "category": 2, "tags": [3, 4, 11]}},
    {"model": "products.product", "pk": 11, "fields": {"name": "Organic Avocados (3 pack)", "slug": "organic-avocados-3-pack", "description": "Ripe and ready organic Hass avocados. Creamy texture, perfect for toast, guacamole, or salads.", "base_price": "5.99", "discount_percentage": "0.00", "category": 3, "tags": [1, 6, 9]}},
    {"model": "products.product", "pk": 12, "fields": {"name": "Croissant (4 pack)", "slug": "croissant-4-pack", "description": "Buttery, flaky croissants baked fresh every morning. Made with European-style butter for an authentic French taste.", "base_price": "7.99", "discount_percentage": "0.00", "category": 4, "tags": [4]}},
    {"model": "products.product", "pk": 13, "fields": {"name": "Matcha Green Tea (20 bags)", "slug": "matcha-green-tea-20-bags", "description": "Premium Japanese matcha green tea bags. Naturally high in antioxidants with a smooth, earthy flavour.", "base_price": "8.49", "discount_percentage": "0.00", "category": 5, "tags": [1, 6, 7]}},
    {"model": "products.product", "pk": 14, "fields": {"name": "Chicken Breast (1 kg)", "slug": "chicken-breast-1-kg", "description": "Boneless, skinless chicken breast from free-range BC farms. Lean, versatile protein for any meal.", "base_price": "12.99", "discount_percentage": "10.00", "category": 6, "tags": [3, 5, 8, 10]}},
    {"model": "products.product", "pk": 15, "fields": {"name": "Trail Mix (350g)", "slug": "trail-mix-350g", "description": "A hearty mix of almonds, cashews, dried cranberries, dark chocolate chips, and pumpkin seeds.", "base_price": "6.99", "discount_percentage": "0.00", "category": 7, "tags": [2, 6, 8]}},
    {"model": "products.product", "pk": 16, "fields": {"name": "Aged Cheddar (300g)", "slug": "aged-cheddar-300g", "description": "Sharp aged white cheddar, matured for 2 years. Bold flavour with a crumbly texture. Made in BC.", "base_price": "8.99", "discount_percentage": "0.00", "category": 1, "tags": [5, 10, 12]}},
    {"model": "products.product", "pk": 17, "fields": {"name": "USB-C Charging Cable (6 ft)", "slug": "usb-c-charging-cable-6-ft", "description": "Braided nylon USB-C to USB-C fast charging cable. Supports 100W power delivery and 10Gbps data transfer.", "base_price": "14.99", "discount_percentage": "0.00", "category": 2, "tags": [4, 9]}},
    {"model": "products.product", "pk": 18, "fields": {"name": "Baby Spinach (142g)", "slug": "baby-spinach-142g", "description": "Pre-washed organic baby spinach leaves. Tender, mild flavour perfect for salads, smoothies, or sautéing.", "base_price": "4.49", "discount_percentage": "5.00", "category": 3, "tags": [1, 3, 6, 10]}},
    {"model": "products.product", "pk": 19, "fields": {"name": "Cinnamon Raisin Bagels (6 pack)", "slug": "cinnamon-raisin-bagels-6-pack", "description": "Soft, chewy bagels loaded with cinnamon swirl and plump raisins. Baked fresh and perfect for toasting.", "base_price": "5.49", "discount_percentage": "0.00", "category": 4, "tags": [6]}},
    {"model": "products.product", "pk": 20, "fields": {"name": "Orange Juice (1L)", "slug": "orange-juice-1l", "description": "Freshly squeezed not-from-concentrate orange juice. No added sugar or preservatives.", "base_price": "6.99", "discount_percentage": "0.00", "category": 5, "tags": [7, 5]}},
    {"model": "products.product", "pk": 21, "fields": {"name": "Ground Beef (500g)", "slug": "ground-beef-500g", "description": "Lean ground beef, locally raised and grass-fed. Perfect for burgers, tacos, or pasta sauces.", "base_price": "8.99", "discount_percentage": "15.00", "category": 6, "tags": [3, 5, 8, 10]}},
    {"model": "products.product", "pk": 22, "fields": {"name": "Dark Chocolate Bar (100g)", "slug": "dark-chocolate-bar-100g", "description": "72% cacao dark chocolate bar made with ethically sourced cocoa beans. Rich, smooth, and slightly bitter.", "base_price": "4.99", "discount_percentage": "0.00", "category": 7, "tags": [2, 6, 9, 12]}}
]